epoch,step,train_loss
2,49,2.081650495529175
4,99,1.4625718593597412
